Flag,VesselName,VoyageNo,EmploymentStatus,OpenPort,OpenPortDate,Cargo,RepositionPort,RepositionDate,CurrentStatus,Comments,DWT,Type,IceClass,CompleteGMT,UpdatedBy,ROWIDT,LastCargoGrade,CommenceGMT,Fkey_Dim_Vessel_Id,Fkey_Dim_Voyage_Id,Estimate,UID
NA,STI Leblon,19,Unfixed,SARROCH,2019-03-15 20:36:55,GASOLINE/REFO+GASOLINE/GASOLINE,SAMSUN,2019-03-15,Prompt,NA,49990,MR,NO,2019-03-15 20:36:55,rstudio,1,CPP,2019-03-01 10:30:00,770,14127,0,770_19
NA,Crystal Bay,41,Unfixed,PUERTO MOIN,2019-03-14 22:00:00,ULSD 10 PPM+JET A1/ULSD 10 PPM+JET A1/ULSD 10 PPM,MONGSTAD,NA,Arrived Discharge Port,NA,49990,MR,NO,2019-03-14 22:00:00,rstudio,2,CPP,2019-03-01 22:30:00,776,13941,1,776_41
NA,CPO Malaysia,66,Unfixed,CIUDAD MADERO,2019-03-16 12:00:00,ULSD 10 PPM/GASOLINE/ULSD 10 PPM+JET A1,CIUDAD MADERO,NA,Arrived Discharge Port,NA,44999,MR,No,2019-03-16 12:00:00,NA,3,CPP,2019-02-21 14:30:00,779,14011,1,779_66
NA,STI Pontiac,46,Unfixed,BRISBANE,2019-03-14 11:00:00,GASOLINE/GASOLINE+GAS OIL+JET A1/GAS OIL,BRISBANE,NA,Arrived Discharge Port,NA,49990,MR,N/A,2019-03-14 11:00:00,NA,4,CPP,2019-01-23 05:00:00,781,13598,1,781_46
NA,Excelsior Bay,53,Unfixed,ADELAIDE,2019-04-02 14:13:00,CPP/GAS OIL+GASOLINE/CPP+GASOLINE+GAS OIL,ADELAIDE,NA,In Ballast Leg,NA,49990,MR,NO,2019-04-02 14:13:00,NA,5,CPP,2019-03-03 05:30:00,782,14024,1,782_53
NA,CPO Singapore,54,Unfixed,LAGOS (NIGERIA),2019-04-03 12:38:32,GASOLINE/UNLEADED GASOLINE/GAS OIL,LAGOS (NIGERIA),NA,Arrived Load Port,NA,51737,MR,No,2019-04-03 12:38:32,NA,6,CPP,2019-03-09 07:30:00,783,14029,1,783_54
NA,STI Aqua,49,Unfixed,MAJURO,2019-03-21 22:05:42,GAS OIL+JET A1+GASOLINE/GAS OIL/GASOLINE+GAS OIL+JET A1,MAJURO,NA,Arrived Discharge Port,NA,49990,MR,NO,2019-03-21 22:05:42,NA,7,CPP,2019-02-14 02:30:00,785,14072,1,785_49
NA,STI Battery,48,Unfixed,GUAYMAS,2019-04-05 16:50:46,CPP/CPP/ULSD 10 PPM (FAME FREE),GUAYMAS,NA,Arrived Discharge Port,NA,49990,MR,NO,2019-04-05 16:50:46,NA,8,CPP,2019-03-16 16:50:46,786,14085,1,786_48
NA,STI Donald C Trauscht,15,Unfixed,ANCHORAGE,2019-03-28 00:33:50,JET A1+CPP/JET A1/JET A1,ANCHORAGE,NA,In Laden Leg,NA,49990,MR,NO,2019-03-28 00:33:50,NA,9,CPP,2019-02-15 13:30:00,787,14097,1,787_15
NA,STI Memphis,34,Unfixed,COPENHAGEN,2019-04-09 02:00:00,BASE OIL+LCO (CLEAN)/JET A1+GASOLINE/GASOLINE,COPENHAGEN,NA,In Laden Leg,NA,49995,MR,NA,2019-04-09 02:00:00,NA,10,CPP,2019-03-03 20:18:00,788,14138,1,788_34
NA,STI Texas City,33,Unfixed,TAICHUNG,2019-03-18 07:41:32,ULSD 10 PPM/ALKYLATE+GASOLINE/GASOLINE,TAICHUNG,NA,In Laden Leg,NA,49990,MR,N,2019-03-18 07:41:32,NA,11,CPP,2019-02-23 00:30:00,789,14173,1,789_33
NA,STI Tribeca,54,Unfixed,LAGOS (NIGERIA),2019-03-14 05:00:00,GASOLINE/GASOLINE/ULSD 10 PPM,LAGOS (NIGERIA),NA,Arrived Discharge Port,NA,49990,MR,NO,2019-03-14 05:00:00,NA,12,CPP,2019-02-04 03:00:00,790,13749,1,790_54
NA,STI Virtus,54,Unfixed,DUNEDIN,2019-04-11 08:57:18,CPP/NAPHTHA/NAPHTHA,DUNEDIN,NA,In Ballast Leg,NA,49990,MR,NO,2019-04-11 08:57:18,NA,13,CPP,2019-03-11 06:06:00,791,14175,1,791_54
NA,STI Venere,53,Unfixed,VADINAR TERMINAL,2019-03-19 22:30:00,GAS OIL/GAS OIL/GAS OIL+JET A1,VADINAR TERMINAL,NA,Prompt,NA,49990,MR,NO,2019-03-19 22:30:00,NA,14,CPP,2019-03-01 00:00:00,792,14177,0,792_53
NA,Jennings Bay,46,Unfixed,PAJARITOS,2019-03-19 13:24:00,GASOLINE+MTBE(CPP)/GASOLINE+MTBE(CPP)/GASOLINE+MTBE(CPP)+NAPHTHA,PAJARITOS,NA,Arrived Load Port,NA,49990,MR,NO,2019-03-19 13:24:00,NA,15,CPP,2019-02-27 22:48:00,793,14240,1,793_46
NA,Lafayette Bay,39,Unfixed,PAJARITOS,2019-03-21 04:29:32,MTBE(CPP)+GASOLINE/GASOLINE+MTBE(CPP)/GASOLINE,PAJARITOS,NA,Arrived Load Port,NA,49990,MR,NO,2019-03-21 04:29:32,NA,16,CPP,2019-02-20 18:18:00,794,14242,1,794_39
NA,STI San Telmo,11,Unfixed,MONTREAL,2019-03-31 05:00:00,NAPHTHA/NAPHTHA/JET A1,MONTREAL,NA,Arrived Discharge Port,NA,49990,MR,YES,2019-03-31 05:00:00,NA,17,CPP,2019-03-14 16:00:00,796,14171,1,796_11
NA,STI Soho,52,Unfixed,MELBOURNE,2019-03-27 03:22:09,GASOLINE+ULSD 10 PPM+JET A1+TOULENE/GASOLINE/GASOLINE,MELBOURNE,NA,In Laden Leg,NA,49990,MR,NO,2019-03-27 03:22:09,NA,18,CPP,2019-02-15 20:00:00,797,14168,1,797_52
NA,STI Fontvieille,74,Unfixed,ARATU,2019-03-24 13:50:37,CPP/GASOLINE/CONDENSATE,ARATU,NA,In Laden Leg,NA,49999,MR,N,2019-03-24 13:50:37,NA,19,CPP,2019-03-01 19:00:00,799,13623,1,799_74
NA,STI Le Rocher,57,Unfixed,NEW YORK,2019-03-26 23:47:16,CPP/GASOLINE/GASOLINE,NEW YORK,NA,Arrived Load Port,NA,59990,MR,NA,2019-03-26 23:47:16,NA,20,CPP,2019-02-26 12:30:00,800,13627,1,800_57
NA,STI Black Hawk,47,Unfixed,LAS MINAS BAY,2019-03-16 08:59:28,CPP/GASOLINE+ULSD 10 PPM+JET A1/JET A1,LAS MINAS BAY,NA,In Laden Leg,NA,49990,MR,NO,2019-03-16 08:59:28,NA,21,CPP,2019-02-25 00:18:00,801,14077,1,801_47
NA,STI Bosphorus,22,Unfixed,YANBU,2019-03-30 01:48:14,CPP/CONDENSATE/GASOLINE,YANBU,NA,In Laden Leg,NA,49990,MR,NO,2019-03-30 01:48:14,NA,22,CPP,2019-02-26 14:00:00,802,14080,1,802_22
NA,STI Bronx,52,Unfixed,PROGRESO,2019-03-13 02:00:00,JET A1+ULSD 10 PPM/ULSD 10 PPM (FAME FREE)/CPP+Data Unavailable,PROGRESO,NA,In Laden Leg,NA,49990,MR,NO,2019-03-13 02:00:00,NA,23,CPP,2019-02-15 00:54:00,803,13650,1,803_52
NA,STI Dama,42,Unfixed,ROSARITO TERMINAL,2019-03-30 13:43:51,CPP/GASOLINE/MTBE(CPP)+GASOLINE,ROSARITO TERMINAL,NA,In Ballast Leg,NA,49990,MR,NO,2019-03-30 13:43:51,NA,24,CPP,2019-03-12 15:30:00,804,13764,1,804_42
NA,STI Galata,25,Unfixed,PAJARITOS,2019-03-25 10:11:32,CPP/GASOLINE+JET A1+ULSD 10 PPM/JET A1+ULSD 10 PPM,PAJARITOS,NA,Arrived Load Port,NA,49990,MR,NO,2019-03-25 10:11:32,NA,25,CPP,2019-03-07 01:18:00,805,14104,1,805_25
NA,STI Gramercy,41,Unfixed,GUAYMAS,2019-04-06 09:54:41,CPP/CPP/GASOLINE,GUAYMAS,NA,Arrived Load Port,NA,49990,MR,NA,2019-04-06 09:54:41,NA,26,CPP,2019-03-13 03:00:00,806,13542,1,806_41
NA,STI Manhattan,30,Unfixed,PAGO-PAGO,2019-03-20 21:36:00,KEROSENE+ULSD 10 PPM+GAS OIL+GASOLINE 10 PPM+GASOLINE/GAS OIL/GASOLINE+GAS OIL+JET A1,PAGO-PAGO,NA,Arrived Discharge Port,NA,49990,MR,NO,2019-03-20 21:36:00,NA,27,CPP,2019-01-23 22:18:00,807,14132,1,807_30
NA,STI Queens,41,Unfixed,PAJARITOS,2019-03-23 15:00:00,CPP/GASOLINE/ULSD+JET A1,PAJARITOS,NA,In Laden Leg,NA,49990,MR,NO,2019-03-23 15:00:00,NA,28,CPP,2019-03-02 21:36:00,808,14159,1,808_41
NA,STI Regina,51,Unfixed,CAPE TOWN,2019-03-20 18:00:00,GAS OIL/GASOLINE+GAS OIL/GAS OIL+GASOLINE,CAPE TOWN,NA,In Laden Leg,NA,49990,MR,NO,2019-03-20 18:00:00,NA,29,CPP,2019-02-11 03:48:00,809,14162,1,809_51
NA,Harrison Bay,38,Unfixed,LAGOS (NIGERIA),2019-03-18 20:30:00,GASOLINE/GASOLINE/JET A1,LAGOS (NIGERIA),NA,Arrived Discharge Port,NA,49990,MR,NO,2019-03-18 20:30:00,NA,30,CPP,2019-01-21 15:30:00,810,14238,1,810_38
NA,STI Esles II,9,Unfixed,MONTREAL,2019-04-01 16:02:00,GASOLINE/CONDENSATE/GASOLINE,MONTREAL,NA,Arrived Load Port,NA,49990,MR,YES,2019-04-01 16:02:00,NA,31,CPP,2019-03-07 06:00:00,811,14099,1,811_9
NA,STI Jardins,10,Unfixed,VAVOUTO,2019-03-21 08:57:42,ULSD 10 PPM/GAS OIL/GASOLINE,VAVOUTO,NA,In Laden Leg,NA,49990,MR,YES,2019-03-21 08:57:42,NA,32,CPP,2019-02-18 04:00:00,812,14121,1,812_10
NA,STI La Boca,15,Unfixed,ILO,2019-03-17 14:27:41,CPP/ULSD 10 PPM+JET A1/ULSD 10 PPM,ILO,NA,Arrived Discharge Port,NA,49990,MR,NO,2019-03-17 14:27:41,NA,33,CPP,2019-02-12 03:48:00,813,14078,1,813_15
NA,STI Ville,65,Unfixed,PUERTO MOIN,2019-03-12 03:12:00,JET A1+ULSD 10 PPM/NAPHTHA+GASOLINE/GASOLINE,PUERTO MOIN,NA,In Laden Leg,NA,49999,MR,N,2019-03-12 03:12:00,NA,34,CPP,2019-02-18 23:00:00,814,13633,1,814_65
NA,STI Opera,62,Unfixed,SAIPAN ISLAND,2019-03-21 08:20:18,JET A1+GASOLINE/GASOLINE+ULSD 10 PPM+JET A1/GAS OIL,SAIPAN ISLAND,NA,In Laden Leg,NA,49990,MR,NO,2019-03-21 08:20:18,NA,35,CPP,2019-02-27 13:30:00,816,14147,1,816_62
NA,CPO Germany,111,Subjects,TERNEUZEN,2019-03-14 06:30:00,NAPHTHA/ULSD 10 PPM/GASOLINE,TONSBERG,2019-03-16,Arrived Discharge Port,NA,37297,HANDYMAX,Yes,2019-03-14 06:30:00,rstudio,36,CPP,2019-03-05 16:54:00,817,13968,1,817_111
NA,Star I,49,Unfixed,AMSTERDAM,2019-03-27 03:50:04,CPP/GAS OIL/GASOLINE,AMSTERDAM,NA,In Ballast Leg,NA,37900,HANDYMAX,Yes,2019-03-27 03:50:04,NA,37,CPP,2019-03-08 23:30:00,818,14047,1,818_49
NA,STI Benicia,33,Unfixed,FUJAIRAH,2019-03-21 08:34:37,ULSD 10 PPM+GASOLINE+JET A1/MIXED AROMATICS/NAPHTHA,FUJAIRAH,NA,Prompt,NA,49990,MR,No,2019-03-21 08:34:37,NA,38,CPP,2019-03-12 02:30:00,819,13768,0,819_33
NA,STI Yorkville,50,Unfixed,GUAYMAS,2019-03-15 10:00:00,ULSD 10 PPM+JET A1/GASOLINE/ULSD 10 PPM,GUAYMAS,NA,Arrived Discharge Port,NA,49990,MR,NO,2019-03-15 10:00:00,NA,39,CPP,2019-02-24 05:00:00,820,14203,1,820_50
NA,STI Broadway,38,Unfixed,YOSU,2019-04-01 21:00:00,NAPHTHA/ULSD 10 PPM/CONDENSATE,YOSU,NA,In Laden Leg,NA,109999,LR2,No,2019-04-01 21:00:00,NA,40,CPP,2019-01-15 01:36:00,832,14083,1,832_38
NA,STI Gauntlet,13,Unfixed,CHIBA,2019-04-05 21:36:00,NAPHTHA/GAS OIL/GASOLINE,CHIBA,NA,In Laden Leg,NA,109999,LR2,No,2019-04-05 21:36:00,NA,41,CPP,2019-02-25 10:00:00,833,13672,1,833_13
NA,STI Gratitude,10,Unfixed,BOTANY BAY,2019-04-27 12:05:25,CPP/JET A1/NAPHTHA,BOTANY BAY,NA,In Laden Leg,NA,109999,LR2,N/A,2019-04-27 12:05:25,NA,42,CPP,2019-02-21 01:45:00,835,14112,1,835_10
NA,STI Guard,10,Unfixed,MAILIAO,2019-03-14 11:00:00,NAPHTHA/ULSD 10 PPM/GAS OIL,MAILIAO,NA,Arrived Discharge Port,NA,109999,LR2,No,2019-03-14 11:00:00,NA,43,CPP,2018-12-06 11:48:00,836,13685,1,836_10
NA,STI Guide,11,Unfixed,FUJAIRAH,2019-03-17 03:00:00,NAPHTHA/GAS OIL/NAPHTHA,FUJAIRAH,NA,Prompt,NA,109999,LR2,No,2019-03-17 03:00:00,NA,44,CPP,2019-03-05 15:00:00,837,13690,0,837_11
NA,STI Kingsway,28,Unfixed,ROTTERDAM,2019-04-13 23:03:00,CPP/GAS OIL/NAPHTHA,ROTTERDAM,NA,Arrived Discharge Port,NA,109999,LR2,No,2019-04-13 23:03:00,NA,45,CPP,2019-03-07 05:00:00,838,14124,1,838_28
NA,STI Lauren,26,Unfixed,ROTTERDAM,2019-03-24 20:59:18,CPP/GAS OIL/NAPHTHA+GASOLINE,ROTTERDAM,NA,In Laden Leg,NA,109999,LR2,No,2019-03-24 20:59:18,NA,46,CPP,2019-02-24 21:00:00,839,14126,1,839_26
NA,STI Lombard,30,Unfixed,FUJAIRAH,2019-03-24 22:00:00,NAPHTHA/GAS OIL (FAME FREE)/ULSD 10 PPM,FUJAIRAH,NA,Prompt,NA,109999,LR2,No,2019-03-24 22:00:00,NA,47,CPP,2019-03-01 22:42:00,840,14129,0,840_30
NA,STI Madison,39,Unfixed,BOTANY BAY,2019-04-30 19:43:59,CPP/ULSD 10 PPM/GAS OIL,BOTANY BAY,NA,Arrived Discharge Port,NA,109999,LR2,No,2019-04-30 19:43:59,NA,48,CPP,2019-03-05 17:42:00,841,14130,1,841_39
NA,STI Orchard,31,Unfixed,BOTANY BAY,2019-04-01 09:00:00,GASOLINE/ULSD 10 PPM/ULSD 10 PPM,BOTANY BAY,NA,In Laden Leg,NA,109999,LR2,No,2019-04-01 09:00:00,NA,49,CPP,2019-01-20 20:00:00,842,14148,1,842_31
NA,STI Jermyn,23,Unfixed,MAILIAO,2019-03-22 09:30:55,CPP/NAPHTHA/NAPHTHA,MAILIAO,NA,In Laden Leg,NA,109999,LR2,No,2019-03-22 09:30:55,NA,50,CPP,2019-03-08 02:30:00,843,14122,1,843_23
NA,STI Nautilus,8,Unfixed,CHENGXI,2019-04-18 04:03:36,NAPHTHA/NAPHTHA/JET A1,CHENGXI,NA,Arrived Discharge Port,NA,109999,LR2,No,2019-04-18 04:03:36,NA,51,CPP,2018-12-28 07:00:00,844,14143,1,844_8
NA,STI Steadfast,9,Unfixed,MALTA (COUNTRY),2019-03-23 23:18:14,GASOLINE/JET A1/GASOLINE,MALTA (COUNTRY),NA,In Laden Leg,NA,109999,LR2,N/A,2019-03-23 23:18:14,NA,52,CPP,2019-02-26 16:00:00,846,14048,1,846_9
NA,STI Oxford,28,Unfixed,BOTANY BAY,2019-03-15 21:30:00,JET A1/NAPHTHA/ULSD 10 PPM,BOTANY BAY,NA,Arrived Discharge Port,NA,109999,LR2,No,2019-03-15 21:30:00,NA,53,CPP,2019-02-16 11:30:00,847,14151,1,847_28
NA,STI Park,26,Unfixed,MOHAMMEDIA,2019-03-13 03:00:00,ULSD 10 PPM/GAS OIL/NAPHTHA,MOHAMMEDIA,NA,In Laden Leg,NA,109999,LR2,No,2019-03-13 03:00:00,NA,54,CPP,2019-02-07 07:30:00,848,14152,1,848_26
NA,STI Savile Row,32,Unfixed,FUJAIRAH,2019-03-11 12:00:00,NAPHTHA/ULSD 10 PPM/NAPHTHA,FUJAIRAH,NA,Prompt,NA,109999,LR2,No,2019-03-11 12:00:00,NA,55,CPP,2019-01-30 23:12:00,849,13724,0,849_32
NA,STI Solace,11,Unfixed,LAGOS (NIGERIA),2019-03-18 11:06:55,GAS OIL/NAPHTHA/GAS OIL,LAGOS (NIGERIA),NA,Arrived Discharge Port,NA,109999,LR2,N/A,2019-03-18 11:06:55,NA,56,CPP,2019-01-15 06:30:00,850,13734,1,850_11
NA,STI Sloane,33,Unfixed,SINGAPORE,2019-04-13 08:00:00,GASOLINE+REFO/ULSD 10 PPM/ULSD 10 PPM,SINGAPORE,NA,In Laden Leg,NA,109999,LR2,No,2019-04-13 08:00:00,NA,57,CPP,2019-02-14 06:30:00,851,14167,1,851_33
NA,STI Stability,11,Unfixed,KAOHSIUNG,2019-03-18 00:00:00,CPP/ULSD 10 PPM+GAS OIL/NAPHTHA,KAOHSIUNG,NA,In Laden Leg,NA,109999,LR2,N/A,2019-03-18 00:00:00,NA,58,CPP,2019-03-05 06:36:00,852,13742,1,852_11
NA,STI Sanctity,10,Unfixed,FUJAIRAH,2019-03-15 21:30:00,JET A1/CONDENSATE/GASOLINE,FUJAIRAH,NA,Prompt,NA,109999,LR2,N/A,2019-03-15 21:30:00,NA,59,CPP,2019-03-10 05:00:00,853,13745,0,853_10
NA,STI Solidarity,9,Unfixed,DUNKIRK,2019-03-16 10:00:00,ULSD 10 PPM/ULSD 10 PPM (FAME FREE)/GAS OIL,DUNKIRK,NA,Arrived Discharge Port,NA,109999,LR2,N/A,2019-03-16 10:00:00,NA,60,CPP,2019-02-04 06:00:00,854,13613,1,854_9
NA,Swarna Kamal,14,Unfixed,OITA,2019-03-25 02:46:09,NAPHTHA/CPP/CPP,OITA,NA,In Laden Leg,NA,104862,LR2,NO,2019-03-25 02:46:09,NA,61,CPP,2019-01-28 23:00:00,855,13608,1,855_14
NA,STI Symphony,8,Unfixed,GORE BAY,2019-04-03 20:49:23,CPP/NAPHTHA/NAPHTHA,GORE BAY,NA,In Laden Leg,NA,109999,LR2,N/A,2019-04-03 20:49:23,NA,62,CPP,2019-02-25 07:48:00,856,14145,1,856_8
NA,STI Veneto,32,Unfixed,DAR ES SALAAM,2019-03-17 09:00:00,GAS OIL/GASOLINE/CONDENSATE,DAR ES SALAAM,NA,Arrived Discharge Port,NA,109999,LR2,No,2019-03-17 09:00:00,NA,63,CPP,2019-02-12 11:00:00,857,14179,1,857_32
NA,STI Winnie,33,Unfixed,DAESAN,2019-03-21 09:00:00,NAPHTHA/ULSD 10 PPM/GASOLINE,DAESAN,NA,In Laden Leg,NA,109999,LR2,No,2019-03-21 09:00:00,NA,64,CPP,2018-12-26 06:48:00,858,14199,1,858_33
NA,STI Supreme,9,Unfixed,SHELL HAVEN,2019-03-27 08:00:00,JET A1/ULSD 10 PPM/NAPHTHA,SHELL HAVEN,NA,Arrived Discharge Port,NA,109999,LR2,No,2019-03-27 08:00:00,NA,65,CPP,2019-02-10 23:00:00,859,13732,1,859_9
NA,STI Elysees,28,Unfixed,FUJAIRAH,2019-03-13 23:00:00,GAS OIL/NAPHTHA/ULSD 10 PPM (FAME FREE),FUJAIRAH,NA,Prompt,NA,109999,LR2,No,2019-03-13 23:00:00,NA,66,CPP,2019-02-14 17:30:00,862,13942,0,862_28
NA,STI Carnaby,27,Unfixed,JEBEL ALI,2019-04-23 17:11:00,CPP/GTL/NAPHTHA,JEBEL ALI,NA,Arrived Discharge Port,NA,109999,LR2,No,2019-04-23 17:11:00,NA,67,CPP,2019-03-18 22:00:23,863,13767,1,863_27
NA,STI Connaught,33,Unfixed,MOMBASA,2019-03-18 03:00:00,GAS OIL/GAS OIL+ULSD 10 PPM/NAPHTHA,MOMBASA,NA,Arrived Discharge Port,NA,109999,LR2,No,2019-03-18 03:00:00,NA,68,CPP,2019-02-05 11:24:00,864,14093,1,864_33
NA,STI Condotti,31,Unfixed,MOMBASA,2019-03-25 05:00:00,ULSD 10 PPM/ULSD 10 PPM/ULSD 10 PPM,MOMBASA,NA,In Laden Leg,NA,109999,LR2,No,2019-03-25 05:00:00,NA,69,CPP,2019-02-11 16:00:00,865,13663,1,865_31
NA,Dukhan,17,Unfixed,TARRAGONA,2019-03-14 17:00:00,NAPHTHA/GAS OIL/GAS OIL,RIGA,2019-03-16,Arrived Discharge Port,NA,40232.2,HANDYMAX,No,2019-03-14 17:00:00,rstudio,70,CPP,2019-02-19 17:00:00,866,13576,1,866_17
NA,CPO England,87,Unfixed,ROTTERDAM,2019-03-18 16:38:27,DPP/VGO/VGO,ROTTERDAM,NA,Arrived Load Port,NA,37313,HANDYMAX,Yes,2019-03-18 16:38:27,NA,71,DPP,2019-03-12 04:18:00,867,13947,1,867_87
NA,CPO Finland,90,Unfixed,PORT ELIZABETH,2019-04-20 11:23:52,DPP/DPP/FO,PORT ELIZABETH,NA,Arrived Discharge Port,NA,37293,HANDYMAX,Yes,2019-04-20 11:23:52,NA,72,DPP,2019-03-17 21:00:00,868,13962,1,868_90
NA,Stone I,39,Unfixed,GOTHENBURG,2019-04-09 10:20:47,DPP/FO/FO,GOTHENBURG,NA,In Ballast Leg,NA,37889,HANDYMAX,Yes,2019-04-09 10:20:47,NA,73,DPP,2019-03-09 19:18:00,869,13994,1,869_39
NA,Style,35,Unfixed,GENOA,2019-03-26 11:31:18,DPP/DPP/FO,GENOA,NA,Arrived Discharge Port,NA,37923,HANDYMAX,Yes,2019-03-26 11:31:18,NA,74,DPP,2019-03-07 11:30:00,870,13995,1,870_35
NA,CPO Italy,115,Unfixed,GAETA,2019-03-15 19:41:32,ULSD 10 PPM (FAME FREE)/GAS OIL (FAME FREE)/NAPHTHA+GASOLINE (OXY FREE),GAETA,NA,Arrived Discharge Port,NA,37282,HANDYMAX,Yes,2019-03-15 19:41:32,NA,75,CPP,2019-02-25 14:00:00,871,13998,1,871_115
NA,CPO Norway,116,Unfixed,GOTHENBURG,2019-03-17 07:00:00,FO/FO/FO,GOTHENBURG,NA,In Laden Leg,NA,37321,HANDYMAX,Yes,2019-03-17 07:00:00,NA,76,DPP,2019-02-11 18:48:00,872,13593,1,872_116
NA,Single,55,Unfixed,TAMPA,2019-03-12 22:00:00,FO/VGO/FO,TAMPA,NA,Prompt,NA,37824,HANDYMAX,Yes,2019-03-12 22:00:00,NA,77,DPP,2019-02-14 17:12:00,873,14025,0,873_55
NA,Silent,49,Unfixed,ROTTERDAM,2019-03-27 01:15:20,DPP/VGO/FO,ROTTERDAM,NA,Arrived Discharge Port,NA,37847,HANDYMAX,"Yes,",2019-03-27 01:15:20,NA,78,DPP,2019-02-24 22:00:00,874,14027,1,874_49
NA,CPO Sweden,90,Unfixed,MERSIN,2019-03-23 13:53:05,FO/FO/FO,MERSIN,NA,Arrived Load Port,NA,37280,HANDYMAX,Yes,2019-03-23 13:53:05,NA,79,DPP,2019-02-27 22:18:00,875,13637,1,875_90
NA,STI Acton,90,Unfixed,TERNEUZEN,2019-03-14 06:00:00,GASOLINE+REFO/GAS OIL/ULSD 10 PPM,TERNEUZEN,NA,Arrived Discharge Port,NA,38464,HANDYMAX,Yes,2019-03-14 06:00:00,NA,80,CPP,2019-03-03 14:00:00,876,14070,1,876_90
NA,STI Brixton,93,Unfixed,OFFSHORE MALTA,2019-03-21 06:27:42,FO/DPP/FO,OFFSHORE MALTA,NA,In Laden Leg,NA,38734,HANDYMAX,Yes,2019-03-21 06:27:42,NA,81,DPP,2019-02-25 14:48:00,877,14082,1,877_93
NA,CPO Russia,96,Unfixed,LIVORNO,2019-03-17 05:47:00,DPP/FO/FO,LIVORNO,NA,In Laden Leg,NA,37296,HANDYMAX,Yes,2019-03-17 05:47:00,NA,82,DPP,2019-03-01 03:30:00,878,13599,1,878_96
NA,Steel,37,Unfixed,THAMESHAVEN,2019-03-20 04:49:23,CPP/ULSD 10 PPM/ULSD 10 PPM,THAMESHAVEN,NA,In Laden Leg,NA,37829,HANDYMAX,Yes,2019-03-20 04:49:23,NA,83,CPP,2019-03-02 08:42:00,879,13993,1,879_37
NA,Sky,35,Unfixed,PORT JEROME,2019-03-23 16:25:09,DPP/VGO/VGO,PORT JEROME,NA,Arrived Discharge Port,NA,37859,HANDYMAX,Yes,2019-03-23 16:25:09,NA,84,DPP,2019-03-14 22:15:00,880,13766,1,880_35
NA,CPO France,102,Unfixed,TRIPOLI (LEBANON),2019-03-15 23:13:51,GAS OIL (FAME FREE)/ULSD 10 PPM (FAME FREE)/ULSD 10 PPM (FAME FREE),TRIPOLI (LEBANON),NA,Arrived Discharge Port,NA,37304,HANDYMAX,Yes,2019-03-15 23:13:51,NA,85,CPP,2019-02-20 01:36:00,881,13964,1,881_102
NA,STI Selatar,18,Unfixed,SINGAPORE,2019-03-29 21:30:00,CPP/ULSD 10 PPM/ULSD 10 PPM,SINGAPORE,NA,In Laden Leg,NA,109999,LR2,No,2019-03-29 21:30:00,NA,86,CPP,2019-02-15 15:42:00,882,14166,1,882_18
NA,STI Camden,79,Unfixed,PRIMORSK,2019-03-16 11:43:51,ULSD 10 PPM (FAME FREE)/ULSD 10 PPM/ULSD 10 PPM,PRIMORSK,NA,Prompt,NA,38464,HANDYMAX,Yes,2019-03-16 11:43:51,NA,87,CPP,2019-03-12 05:30:00,883,13765,0,883_79
NA,STI Hammersmith,82,Unfixed,THAMESHAVEN,2019-03-16 14:46:09,ULSD 10 PPM/NAPHTHA/GASOLINE (OXY FREE),THAMESHAVEN,NA,In Laden Leg,NA,38464,HANDYMAX,Yes,2019-03-16 14:46:09,NA,88,CPP,2019-03-04 01:30:00,885,14119,1,885_82
NA,STI Wembley,81,Unfixed,ROTTERDAM,2019-03-25 20:14:47,CPP/NAPHTHA/NAPHTHA,ROTTERDAM,NA,In Ballast Leg,NA,38734,HANDYMAX,Yes,2019-03-25 20:14:47,NA,89,CPP,2019-03-12 17:48:00,886,14181,1,886_81
NA,STI Rotherhithe,85,Unfixed,HAMBURG,2019-03-25 06:39:05,DPP/VGO/FO,HAMBURG,NA,In Ballast Leg,NA,38734,HANDYMAX,Yes,2019-03-25 06:39:05,NA,90,DPP,2019-02-25 07:42:00,887,14164,1,887_85
NA,Jinan.,56,Unfixed,TENERIFE,2019-03-16 06:00:00,JET A1+GAS OIL/GAS OIL+GASOLINE+JET A1/GASOLINE,TENERIFE,NA,Arrived Discharge Port,NA,40232,HANDYMAX,No,2019-03-16 06:00:00,NA,91,CPP,2019-02-20 09:30:00,888,13999,1,888_56
NA,STI Fulham,65,Unfixed,ALGIERS,2019-03-14 05:40:00,GAS OIL/ULSD 10 PPM/GAS OIL,ALGIERS,NA,Arrived Discharge Port,NA,38464,HANDYMAX,Yes,2019-03-14 05:40:00,NA,92,CPP,2019-02-18 22:30:00,889,14102,1,889_65
NA,STI Topaz,77,Unfixed,QUANZHOU,2019-03-18 10:36:56,GASOLINE/NAPHTHA/NAPHTHA,QUANZHOU,NA,Prompt,NA,49996,MR,NA,2019-03-18 10:36:56,NA,93,CPP,2019-03-12 10:00:00,890,14057,0,890_77
NA,CPO Australia,23,Unfixed,ACAJUTLA,2019-03-20 07:00:00,GAS OIL/GASOLINE/ULSD 10 PPM,ACAJUTLA,NA,In Laden Leg,NA,51763,MR,No,2019-03-20 07:00:00,NA,94,CPP,2019-02-22 17:18:00,893,13805,1,893_23
NA,CPO New Zealand,23,Unfixed,SAN LORENZO (HONDURAS),2019-03-21 06:00:00,GAS OIL/GASOLINE/GASOLINE,SAN LORENZO (HONDURAS),NA,In Laden Leg,NA,51717,MR,No,2019-03-21 06:00:00,NA,95,CPP,2019-02-22 16:30:00,894,14013,1,894_23
NA,STI Gallantry,4,Unfixed,CHENGXI,2019-03-18 04:00:00,NAPHTHA+Data Unavailable/ULSD 10 PPM/JET A1,CHENGXI,NA,Arrived Discharge Port,NA,109999,LR2,No,2019-03-18 04:00:00,NA,96,CPP,2018-10-02 09:18:00,895,14106,1,895_4
NA,Lia,5,Unfixed,DALIAN,2019-03-31 15:04:23,NAPHTHA/NAPHTHA/NAPHTHA,DALIAN,NA,In Laden Leg,NA,73723,LR1,NA,2019-03-31 15:04:23,NA,97,CPP,2019-03-04 21:01:00,902,14009,1,902_5
NA,Acamar,7,Unfixed,OFFSHORE MALTA,2019-04-03 10:13:09,DPP/FO/VGO,OFFSHORE MALTA,NA,In Ballast Leg,NA,37583,HANDYMAX,No,2019-04-03 10:13:09,NA,98,DPP,2019-02-24 06:12:00,905,13772,1,905_7
NA,STI Garnet,66,Unfixed,ALEXANDRIA (EGYPT),2019-04-21 01:45:14,VEGOIL/ULSD 10 PPM/GASOLINE,ALEXANDRIA (EGYPT),NA,Arrived Discharge Port,NA,49990,MR,NO,2019-04-21 01:45:14,NA,99,CPP,2019-03-15 09:00:00,908,14053,1,908_66
NA,STI Hackney,84,Unfixed,BARCELONA,2019-03-15 09:00:00,NAPHTHA+REFO/CONDENSATE/GAS OIL,BARCELONA,NA,Arrived Discharge Port,NA,38464,HANDYMAX,Yes,2019-03-15 09:00:00,NA,100,CPP,2019-03-05 21:35:00,909,14116,1,909_84
NA,STI Clapham,71,Unfixed,DONGES,2019-03-17 11:59:33,ULSD 10 PPM/NAPHTHA/NAPHTHA,DONGES,NA,In Laden Leg,NA,38464,HANDYMAX,Yes,2019-03-17 11:59:33,NA,101,CPP,2019-03-03 03:48:00,910,14092,1,910_71
NA,STI Beryl,67,Unfixed,LAZARO CARDENAS,2019-04-07 03:02:46,GASOLINE/GAS OIL/GASOLINE,LAZARO CARDENAS,NA,In Laden Leg,NA,49990,MR,-,2019-04-07 03:02:46,NA,102,CPP,2019-02-16 07:30:00,911,14049,1,911_67
NA,STI Exceed,14,Unfixed,SAN LORENZO-SAN MARTIN,2019-03-31 11:35:08,GASOLINE+NAPHTHA+GAS OIL/CONDENSATE/GAS OIL,SAN LORENZO-SAN MARTIN,NA,Arrived Discharge Port,NA,74665,LR1,N/A,2019-03-31 11:35:08,NA,103,CPP,2018-12-25 03:12:00,914,13949,1,914_14
NA,STI Excellence,15,Unfixed,SHARJAH,2019-03-14 18:00:00,JET A1/GASOLINE/GASOLINE,SHARJAH,NA,Prompt,NA,74613,LR1,N/A,2019-03-14 18:00:00,NA,104,CPP,2019-03-09 16:45:00,915,13951,0,915_15
NA,STI Excelsior,15,Unfixed,LUANDA,2019-04-26 20:40:00,CPP/ULSD 10 PPM/GAS OIL+GASOLINE,LUANDA,NA,In Ballast Leg,NA,74665,LR1,N/A,2019-04-26 20:40:00,NA,105,CPP,2019-03-04 20:30:00,916,13953,1,916_15
NA,STI Experience,11,Unfixed,DAESAN,2019-04-23 04:00:14,CONDENSATE/ULSD 10 PPM/NAPHTHA,DAESAN,NA,Arrived Load Port,NA,74665,LR1,N/A,2019-04-23 04:00:14,NA,106,CPP,2019-02-21 08:30:00,917,13955,1,917_11
NA,STI Prestige,13,Unfixed,ISLE OF GRAIN,2019-03-13 14:00:00,JET A1/GASOLINE/NAPHTHA,ISLE OF GRAIN,NA,In Laden Leg,NA,74996.5,LR1,N/A,2019-03-13 14:00:00,NA,107,CPP,2019-01-05 09:18:00,918,14017,1,918_13
NA,STI Express,14,Unfixed,ULSAN,2019-03-23 00:00:00,NAPHTHA/ULSD 10 PPM/JET A1+ULSD 10 PPM,ULSAN,NA,In Laden Leg,NA,74665,LR1,N/A,2019-03-23 00:00:00,NA,108,CPP,2019-01-28 23:30:00,919,14100,1,919_14
NA,STI Expedite,10,Unfixed,AMSTERDAM,2019-03-22 20:30:00,CPP/JET A1/GASOLINE,AMSTERDAM,NA,In Laden Leg,NA,74996.5,LR1,No,2019-03-22 20:30:00,NA,109,CPP,2019-02-23 14:48:00,920,14101,1,920_10
NA,STI Pride,13,Unfixed,LISBON,2019-03-16 15:00:00,NAPHTHA/ALKYLATE/JET A1,LISBON,NA,Prompt,NA,74996.5,LR1,No,2019-03-16 15:00:00,NA,110,CPP,2019-03-01 16:30:00,921,14153,0,921_13
NA,STI Precision,15,Unfixed,JEDDAH,2019-03-27 02:00:00,GASOLINE/JET A1/CONDENSATE,JEDDAH,NA,In Laden Leg,NA,74996.5,LR1,N/A,2019-03-27 02:00:00,NA,111,CPP,2019-02-17 11:12:00,922,14156,1,922_15
NA,STI Providence,10,Unfixed,LAS PALMAS,2019-03-18 09:40:48,JET A1+GAS OIL+GASOLINE/JET A1/NAPHTHA,LAS PALMAS,NA,Prompt,NA,74996.5,LR1,No,2019-03-18 09:40:48,NA,112,CPP,2019-03-14 14:00:00,923,14158,0,923_10
NA,STI Excel,12,Unfixed,FUJAIRAH,2019-03-26 03:12:55,GASOLINE/CONDENSATE/GAS OIL,FUJAIRAH,NA,Prompt,NA,74665,LR1,N/A,2019-03-26 03:12:55,NA,113,CPP,2019-03-12 14:36:00,924,13769,0,924_12
NA,STI Executive,9,Unfixed,ROTTERDAM,2019-03-30 10:04:09,JET A1/NAPHTHA/NAPHTHA,ROTTERDAM,NA,In Laden Leg,NA,74613,LR1,N/A,2019-03-30 10:04:09,NA,114,CPP,2019-02-22 02:00:00,925,13956,1,925_9
NA,STI Seneca,37,Unfixed,CIUDAD MADERO,2019-03-13 14:00:00,GASOLINE/JET A1/GASOLINE+JET A1,CIUDAD MADERO,NA,In Laden Leg,NA,49990,MR,-,2019-03-13 14:00:00,NA,115,CPP,2019-02-16 14:18:00,932,14037,1,932_37
NA,STI Westminster,4,Unfixed,FALMOUTH,2019-03-20 22:00:00,GASOLINE/GASOLINE/GASOLINE,FALMOUTH,NA,Prompt,NA,49990,MR,NO,2019-03-20 22:00:00,NA,116,CPP,2019-03-11 06:06:00,933,14184,0,933_4
NA,Saint Albans Bay,37,Unfixed,PANAMA CANAL,2019-03-21 09:00:02,ULSD 10 PPM/GAS OIL/GAS OIL,PANAMA CANAL,NA,Prompt,NA,49990,MR,NO,2019-03-21 09:00:02,NA,117,CPP,2019-03-20 05:59:33,935,14244,0,935_37
NA,STI Onyx,76,Unfixed,CAPE TOWN,2019-03-25 06:35:46,ULSD 10 PPM/GAS OIL+GASOLINE+JET A1/GAS OIL,CAPE TOWN,NA,In Laden Leg,NA,49990,MR,N,2019-03-25 06:35:46,NA,118,CPP,2019-02-18 02:30:00,936,14054,1,936_76
NA,STI Ruby,70,Unfixed,LAS PALMAS,2019-03-29 23:10:04,ULSD/ULSD 10 PPM/GASOLINE,LAS PALMAS,NA,In Laden Leg,NA,49990,MR,NO,2019-03-29 23:10:04,NA,119,CPP,2019-02-15 04:00:00,937,14055,1,937_70
NA,Al Dasma,7,Unfixed,AIN SUKHNA TERMINAL,2019-03-24 05:41:05,CPP/GASOLINE/NAPHTHA,AIN SUKHNA TERMINAL,NA,In Laden Leg,NA,109719.3,LR2,-,2019-03-24 05:41:05,NA,120,CPP,2019-02-22 02:30:00,940,13782,1,940_7
NA,Bahra,8,Unfixed,FUJAIRAH,2019-03-13 14:00:00,JET A1+GAS OIL/NAPHTHA/NAPHTHA,FUJAIRAH,NA,Prompt,NA,110761.3,LR2,-,2019-03-13 14:00:00,NA,121,CPP,2019-02-21 08:00:00,941,13807,0,941_8
NA,Bneider,6,Unfixed,MOMBASA,2019-03-14 03:00:00,GASOLINE/CPP/NAPHTHA,MOMBASA,NA,Arrived Discharge Port,NA,110586.7,LR2,-,2019-03-14 03:00:00,NA,122,CPP,2019-02-13 00:00:00,942,13863,1,942_6
NA,Gan-Tribute,33,Unfixed,SAN PEDRO DE MACORIS,2019-03-27 02:00:00,GASOLINE/GASOLINE/ULSD 10 PPM+GASOLINE,SAN PEDRO DE MACORIS,NA,In Laden Leg,NA,49999,MR,NO,2019-03-27 02:00:00,NA,123,CPP,2019-01-24 16:30:00,944,13965,1,944_33
NA,STI Brooklyn,37,Unfixed,FREEPORT (BAHAMAS),2019-03-22 14:00:00,GASOLINE/GAS OIL/GASOLINE,FREEPORT (BAHAMAS),NA,In Laden Leg,NA,49990,MR,NO,2019-03-22 14:00:00,NA,124,CPP,2019-02-12 14:36:00,945,13652,1,945_37
NA,STI Rambla,15,Unfixed,AIN SUKHNA TERMINAL,2019-03-11 18:00:00,ULSD 10 PPM/GASOLINE/NAPHTHA,AIN SUKHNA TERMINAL,NA,In Laden Leg,NA,109999,LR2,No,2019-03-11 18:00:00,NA,125,CPP,2019-02-01 03:42:00,946,13721,1,946_15
NA,STI Grace,27,Unfixed,RUWAIS,2019-03-18 14:44:00,NAPHTHA/ULSD 10 PPM/NAPHTHA,RUWAIS,NA,Prompt,NA,109999,LR2,No,2019-03-18 14:44:00,NA,126,CPP,2019-02-23 11:00:00,947,14111,0,947_27
NA,ATRIA,6,Unfixed,VENICE,2019-03-19 14:30:00,ULSD 10 PPM (FAME FREE)/GASOLINE/GAS OIL (FAME FREE),VENICE,NA,In Laden Leg,NA,37583,HANDYMAX,NO,2019-03-19 14:30:00,NA,127,CPP,2019-03-06 03:00:00,948,13793,1,948_6
NA,STI Larvotto,67,Unfixed,LOS ANGELES,2019-03-20 11:00:00,JET A1/JET A1+GASOLINE/GASOLINE+GAS OIL+JET A1,LOS ANGELES,NA,In Laden Leg,NA,49999,MR,N,2019-03-20 11:00:00,NA,128,CPP,2019-01-29 12:18:00,950,13635,1,950_67
NA,Kition M,11,Unfixed,HALDIA,2019-03-28 11:14:00,CPP/GASOLINE/GASOLINE,HALDIA,NA,Arrived Discharge Port,NA,74995,LR1,-,2019-03-28 11:14:00,NA,129,CPP,2019-03-12 20:15:00,951,14005,1,951_11
NA,Asterion,7,Unfixed,BALBOA,2019-04-06 21:42:42,DPP/DPP/FO,BALBOA,NA,Arrived Discharge Port,NA,37583,HANDYMAX,No,2019-04-06 21:42:42,NA,130,DPP,2019-03-14 19:00:00,957,13791,1,957_7
NA,Parsifal II,16,Unfixed,ACU,2019-03-13 15:00:00,GAS OIL/CPP/GAS OIL+CPP,ACU,NA,In Laden Leg,NA,37606,HANDYMAX,No,2019-03-13 15:00:00,NA,131,CPP,2019-01-24 01:42:00,958,14016,1,958_16
NA,Conti Benguela,21,Unfixed,LEIXOES,2019-03-25 19:16:09,FO/FO/FO,LEIXOES,NA,In Laden Leg,NA,37652,HANDYMAX,NO,2019-03-25 19:16:09,NA,132,DPP,2019-01-31 10:36:00,959,13568,1,959_21
NA,Conti Greenland,16,Unfixed,KOPER,2019-03-06 22:30:00,ULSD 10 PPM (FAME FREE)/GASOLINE/CPP,KOPER,NA,Prompt,NA,37599,HANDYMAX,No,2019-03-06 22:30:00,NA,133,CPP,2019-03-06 22:30:00,960,13569,0,960_16
NA,Gan-Trust(OP),6,Unfixed,DHUBA,2019-03-23 18:00:00,GAS OIL/MTBE(CPP)/MTBE(CPP),DHUBA,NA,In Laden Leg,NA,51495,MR,N,2019-03-23 18:00:00,NA,134,CPP,2019-03-05 06:12:00,962,13987,1,962_6
NA,Sunny Isles( OP),3,Unfixed,LE HAVRE,2019-03-13 14:00:00,LCO (CLEAN)/ULSD 10 PPM/ULSD 10 PPM+JET A1,LE HAVRE,NA,In Laden Leg,NA,50697.1,MR,NO,2019-03-13 14:00:00,NA,135,CPP,2019-02-02 09:30:00,963,14062,1,963_3
NA,STI Alexis,32,Unfixed,GULEI,2019-04-30 01:39:00,CPP/ULSD 10 PPM/GASOLINE,GULEI,NA,In Laden Leg,NA,109999,LR2,No,2019-04-30 01:39:00,NA,136,CPP,2019-02-10 18:00:00,967,13639,1,967_32
NA,Advantage Party,6,Unfixed,THAMESHAVEN,2019-03-22 10:59:04,CPP/ULSD 10 PPM/GASOLINE,THAMESHAVEN,NA,Arrived Load Port,NA,37067,HANDYMAX,1A,2019-03-22 10:59:04,NA,137,CPP,2019-03-09 08:00:00,968,13774,1,968_6
NA,Sunny Bay,21,Unfixed,NEW YORK,2019-03-26 03:03:05,GASOLINE/NAPHTHA/GASOLINE,NEW YORK,NA,Arrived Load Port,NA,49990,MR,NO,2019-03-26 03:03:05,NA,138,CPP,2019-02-24 15:12:00,969,14059,1,969_21
NA,Utviken,2,Unfixed,TUZLA,2019-03-26 09:00:00,GAS OIL (FAME FREE),TUZLA,NA,Prompt,NA,37872,HANDYMAX,No,2019-03-26 09:00:00,NA,139,CPP,2019-02-21 11:00:00,974,13759,0,974_2
NA,STI San Antonio,37,Unfixed,BOTANY BAY,2019-04-02 15:35:18,GASOLINE/NAPHTHA/ULSD 10 PPM+Data Unavailable,BOTANY BAY,NA,Arrived Load Port,NA,49990,MR,-,2019-04-02 15:35:18,NA,140,CPP,2019-03-01 08:00:00,975,13723,1,975_37
NA,STI Meraux,45,Unfixed,NANSHA,2019-03-27 18:29:32,CPP/NAPHTHA/JET A1,NANSHA,NA,In Ballast Leg,NA,49990,MR,N,2019-03-27 18:29:32,NA,141,CPP,2019-03-08 06:30:00,976,14140,1,976_45
NA,STI Osceola,42,Unfixed,SAN JUAN,2019-03-21 21:23:05,GASOLINE/ULSD 10 PPM/GASOLINE,SAN JUAN,NA,In Laden Leg,NA,49990,MR,NA,2019-03-21 21:23:05,NA,142,CPP,2019-02-24 17:00:00,977,13596,1,977_42
NA,Aktea,2,Unfixed,HOUSTON,2019-03-16 18:00:00,GASOLINE,HOUSTON,NA,Prompt,NA,44999,MR,-,2019-03-16 18:00:00,NA,143,CPP,2019-03-08 22:00:00,980,13780,0,980_2
NA,STI Comandante,106,Unfixed,PRIMORSK,2019-03-19 00:35:35,CPP/NAPHTHA/ULSD 10 PPM,PRIMORSK,NA,Prompt,NA,38464,HANDYMAX,Yes,2019-03-16 02:30:00,NA,144,CPP,2019-03-12 22:30:00,981,14095,0,981_106
NA,Hamburg Star,11,Unfixed,LAGOS (NIGERIA),2019-04-01 17:00:00,GASOLINE/GAS OIL/NAPHTHA,LAGOS (NIGERIA),NA,In Laden Leg,NA,73869.15,LR1,N,2019-04-01 17:00:00,NA,145,CPP,2019-02-13 21:00:00,983,13988,1,983_11
NA,STI Notting Hill,6,Unfixed,PUERTO BARRIOS,2019-03-14 13:45:36,JET A1+GASOLINE+ULSD 10 PPM/ULSD 10 PPM (FAME FREE)/JET A1+ULSD 10 PPM (FAME FREE),PUERTO BARRIOS,NA,Arrived Discharge Port,NA,49990,MR,NO,2019-03-14 13:45:36,NA,146,CPP,2019-02-13 04:00:00,984,14141,1,984_6
NA,Jo Pinari,1,Unfixed,NEW YORK,2019-04-25 15:35:55,CPP,NEW YORK,NA,Arrived Load Port,NA,75022.7,LR1,N/A,2019-04-25 15:35:55,NA,147,CPP,2019-03-01 01:30:00,985,14000,1,985_1
NA,Aegea,2,Unfixed,TUXPAN,2019-03-18 20:32:18,GASOLINE+MTBE(CPP)/GASOLINE,TUXPAN,NA,Arrived Load Port,NA,51371.19,MR,-,2019-03-18 20:32:18,NA,148,CPP,2019-03-04 07:30:00,1041,13778,1,1041_2
NA,Swarna Kaveri,11,Unfixed,JEBEL ALI,2019-04-01 22:42:00,GASOLINE+REFO/NAPHTHA/JET A1,JEBEL ALI,NA,In Laden Leg,NA,73530.6,LR1,-,2019-04-01 22:42:00,NA,149,CPP,2019-02-20 03:00:00,1043,14032,1,1043_11
NA,Isolde,3,Unfixed,LA LIBERTAD (ECUADOR),2019-03-23 00:41:32,GASOLINE/JET A1,LA LIBERTAD (ECUADOR),NA,In Laden Leg,NA,37527,HANDYMAX,No,2019-03-23 00:41:32,NA,150,CPP,2019-02-24 06:00:00,1047,13997,1,1047_3
NA,STI Poplar,3,Unfixed,HELGUVIK,2019-03-21 22:13:51,CPP/JET A1/JET A1,HELGUVIK,NA,In Laden Leg,NA,38734,HANDYMAX,YES,2019-03-21 22:13:51,NA,151,CPP,2019-02-28 19:30:00,1050,14154,1,1050_3
NA,STI Pimlico,2,Unfixed,TALLINN,2019-03-17 17:28:48,JET A1,TALLINN,NA,Prompt,NA,38464,HANDYMAX,NO,2019-03-17 17:28:48,NA,152,CPP,2019-03-13 15:00:00,1058,13770,0,1058_2
NA,NAMRATA,1,Unfixed,FUJAIRAH,2019-03-13 14:00:00,NA,FUJAIRAH,NA,Prompt,NA,105726,LR2,-,2019-03-13 14:00:00,NA,153,NA,2019-03-02 14:48:00,1060,14012,0,1060_1
NA,STI Spiga,37,Unfixed,AIN SUKHNA TERMINAL,2019-04-07 14:01:09,GAS OIL+LCO (CLEAN)/NAPHTHA/ULSD 10 PPM,AIN SUKHNA TERMINAL,NA,In Laden Leg,NA,109999,LR2,No,2019-04-07 14:01:09,NA,154,CPP,2019-03-01 23:48:00,1061,14169,1,1061_37
NA,STI Battersea,83,Unfixed,JEBEL ALI,2019-03-17 02:12:00,GAS CONDENSATE/FO/FO,JEBEL ALI,NA,Arrived Discharge Port,NA,38464,HANDYMAX,Yes,2019-03-17 02:12:00,NA,155,DPP,2018-10-01 01:30:00,1074,14073,1,1074_83
NA,STI Mayfair,49,Unfixed,FUJAIRAH,2019-03-18 07:00:00,CPP/JET A1/JET A1,FUJAIRAH,NA,In Laden Leg,NA,49990,MR,NO,2019-03-18 07:00:00,NA,156,CPP,2019-03-09 20:59:00,1120,14134,1,1120_49
NA,STI St Charles,42,Unfixed,ACAJUTLA,2019-03-29 01:00:00,GASOLINE/ULSD 10 PPM/GASOLINE,ACAJUTLA,NA,In Ballast Leg,NA,49990,MR,N,2019-03-29 01:00:00,NA,157,CPP,2019-03-05 06:42:00,1121,14091,1,1121_42
